lambda_A,c_Q,mu_A,Lambda,a_SE,regime,soc_value,analytical_derivative,R0_bar,gamma_bar
1.75,1.0,1.0,2.0,0.5122,interior,-0.24797906013900067,-4.097795669998903,1.0161675188879946,0.9919162405560027
1.76,1.0,1.0,2.0,0.4728,interior,-0.2578982225445607,-3.788642446374725,1.0161675188879946,0.9919162405560027
1.77,1.0,1.0,2.0,0.4363,interior,-0.26781738495012075,-3.5131993055546147,1.0161675188879946,0.9919162405560027
1.78,1.0,1.0,2.0,0.4025,interior,-0.27773654735568076,-3.2667376195782065,1.0161675188879946,0.9919162405560027
1.79,1.0,1.0,2.0,0.3709,interior,-0.28765570976124083,-3.0453297190836075,1.0161675188879946,0.9919162405560027
1.8,1.0,1.0,2.0,0.3415,interior,-0.29757487216680084,-2.8456914374992377,1.0161675188879946,0.9919162405560027
1.81,1.0,1.0,2.0,0.3139,interior,-0.3074940345723609,-2.6650596188858624,1.0161675188879946,0.9919162405560027
1.82,1.0,1.0,2.0,0.2881,interior,-0.3174131969779209,-2.501095989989564,1.0161675188879946,0.9919162405560027
1.83,1.0,1.0,2.0,0.2639,interior,-0.327332359383481,-2.35181110537127,1.0161675188879946,0.9919162405560027
1.84,1.0,1.0,2.0,0.24100000000000002,interior,-0.337251521789041,-2.215503714316015,1.0161675188879946,0.9919162405560027
1.85,1.0,1.0,2.0,0.2195,interior,-0.347170684194601,-2.0907120765300515,1.0161675188879946,0.9919162405560027
1.8599999999999999,1.0,1.0,2.0,0.19920000000000002,interior,-0.35708984660016085,-1.9761746093744723,1.0161675188879946,0.9919162405560027
1.8699999999999999,1.0,1.0,2.0,0.18000000000000002,interior,-0.36700900900572087,-1.8707978770995735,1.0161675188879946,0.9919162405560027
1.88,1.0,1.0,2.0,0.1618,interior,-0.37692817141128093,-1.7736303973333212,1.0161675188879946,0.9919162405560027
1.89,1.0,1.0,2.0,0.14450000000000002,interior,-0.38684733381684094,-1.6838410872776566,1.0161675188879946,0.9919162405560027
1.9,1.0,1.0,2.0,0.12810000000000002,interior,-0.396766496222401,-1.6007014335933223,1.0161675188879946,0.9919162405560027
1.91,1.0,1.0,2.0,0.1124,interior,-0.406685658627961,-1.523570668500485,1.0161675188879946,0.9919162405560027
1.92,1.0,1.0,2.0,0.0976,interior,-0.41660482103352103,-1.4518833864792036,1.0161675188879946,0.9919162405560027
1.93,1.0,1.0,2.0,0.0834,interior,-0.4265239834390811,-1.3851391529201271,1.0161675188879946,0.9919162405560027
1.94,1.0,1.0,2.0,0.0698,interior,-0.4364431458446411,-1.3228937467713404,1.0161675188879946,0.9919162405560027
1.95,1.0,1.0,2.0,0.056900000000000006,interior,-0.4463623082502012,-1.2647517499996617,1.0161675188879946,0.9919162405560027
