kappa_L,kappa_H,delta_kappa,bias,lambda_A,a_L,m_L,a_H,m_H,a_H_B,distortion,pi_screening,pi_pooling,payoff_gap,a_SE,pooling_regime,IC_L_slack,IC_H_slack,IR_L_slack,IR_H_slack,active_constraints
0.3,0.35,0.04999999999999999,1.0,3.0,0.9999999999999994,9.230769391120782,0.9999999999999971,9.230769391120893,0.0,-0.9999999999999971,83.84615383615385,83.75,0.09615383615384587,0.0,corner,9.947598300641403e-14,-1.4210854715202004e-13,85.68047324943372,83.55029566063226,IC_L+IC_H
0.3,0.35,0.04999999999999999,2.0,4.0,0.0,10.0,0.0,10.0,0.0,0.0,83.75,83.75,0.0,0.0,corner,0.0,0.0,85.0,82.5,IC_L+IC_H
0.3,0.35,0.04999999999999999,3.0,5.0,0.0,10.0,0.0,10.0,0.0,0.0,83.75,83.75,0.0,0.0,corner,0.0,0.0,85.0,82.5,IC_L+IC_H
0.3,0.35,0.04999999999999999,4.0,6.0,0.0,10.0,0.06692312307178024,10.0,0.0,-0.06692312307178024,83.75,83.75,0.0,0.0,corner,0.0,0.0,85.0,82.5,IC_L+IC_H
0.3,0.4,0.10000000000000003,1.0,3.0,1.0,8.666667216415485,0.963333158956813,8.333331943503577,0.0,-0.963333158956813,82.86111110111077,82.5,0.3611111011107653,0.0,corner,6.821210263296962e-13,0.28333496797303326,86.06666633681733,82.5944452727858,IC_L
0.3,0.4,0.10000000000000003,2.0,4.0,0.0,10.0,0.0,10.0,0.0,0.0,82.5,82.5,0.0,0.0,corner,0.0,0.0,85.0,80.0,IC_L+IC_H
0.3,0.4,0.10000000000000003,3.0,5.0,0.0,10.0,0.0,10.0,0.0,0.0,82.5,82.5,0.0,0.0,corner,0.0,0.0,85.0,80.0,IC_L+IC_H
0.3,0.4,0.10000000000000003,4.0,6.0,0.0,10.0,0.0,10.0,0.0,0.0,82.5,82.5,0.0,0.0,corner,0.0,0.0,85.0,80.0,IC_L+IC_H
0.3,0.45,0.15000000000000002,1.0,3.0,1.0,8.666666294077656,0.940000004405263,6.666667663890106,1.0,0.05999999559473701,82.16666665666638,81.38881482222223,0.7778518344441494,0.6666000000000001,interior,6.963318810448982e-13,2.299998518410092,86.06666689022006,82.73333255966251,IC_L
0.3,0.45,0.15000000000000002,2.0,4.0,0.3681162613554713,10.0,0.6904761940463588,9.523809452353445,0.0,-0.6904761940463588,81.26984126615947,81.25,0.019841266159474458,0.0,corner,3.765876499528531e-12,0.6972790136409657,85.0,78.19727901364097,IC_L
0.3,0.45,0.15000000000000002,3.0,5.0,0.0,10.0,0.0,10.0,0.0,0.0,81.25,81.25,0.0,0.0,corner,0.0,0.0,85.0,77.5,IC_L+IC_H
0.3,0.45,0.15000000000000002,4.0,6.0,0.0,10.0,0.0,10.0,0.0,0.0,81.25,81.25,0.0,0.0,corner,0.0,0.0,85.0,77.5,IC_L+IC_H
0.3,0.5,0.2,1.0,3.0,0.9999999999999992,8.666666254695464,0.9688889340620989,5.555554723229893,1.0,0.03111106593790114,81.70370369370401,80.66666666666666,1.037037027037357,1.0,corner,-1.1652900866465643e-12,4.4246915687486705,86.06666691384936,82.98024808557032,IC_L
0.3,0.5,0.2,2.0,4.0,7.316888633305113e-16,10.0,0.7499999559235518,8.33333421486269,1.0,0.25000004407644816,80.27777777777771,80.0,0.2777777777777146,0.0,corner,-9.947598300641403e-14,3.0555540863399813,85.0,78.05555408633998,IC_L
0.3,0.5,0.2,3.0,5.0,0.0,10.0,0.0,10.0,0.0,0.0,80.0,80.0,0.0,0.0,corner,0.0,0.0,85.0,75.0,IC_L+IC_H
0.3,0.5,0.2,4.0,6.0,0.0,10.0,0.0,10.0,0.0,0.0,80.0,80.0,0.0,0.0,corner,0.0,0.0,85.0,75.0,IC_L+IC_H
0.3,0.6,0.3,1.0,3.0,0.9999999999999971,8.888889147850481,0.9999999999999836,4.444444185484142,1.0,1.6431300764452317e-14,81.11111110111122,80.0,1.11111110111122,1.0,corner,-5.968558980384842e-13,8.88888992473413,85.92592575328484,82.96296313560288,IC_L
0.3,0.6,0.3,2.0,4.0,0.0,10.0,0.833333333333333,6.666666666666667,1.0,0.16666666666666696,78.88888888888889,78.05555555416667,0.8333333347222123,0.33330000000000004,interior,1.4210854715202004e-14,8.333333333333329,85.0,78.33333333333333,IC_L
0.3,0.6,0.3,3.0,5.0,0.0,10.0,0.0,8.333333333333334,0.0,0.0,77.91666666666667,77.91666666666667,0.0,0.0,corner,3.75,0.8333333333333428,85.0,70.83333333333334,
0.3,0.6,0.3,4.0,6.0,0.0,10.0,0.0,8.333333333333334,0.0,0.0,77.91666666666667,77.91666666666667,0.0,0.0,corner,3.75,0.8333333333333428,85.0,70.83333333333334,
