kappa,m_FB,a_FB,U_FB,is_optimal
0.1,10.0,1.0,95.0,True
0.101,10.0,1.0,94.95,True
0.10200000000000001,10.0,1.0,94.9,True
0.10300000000000001,10.0,1.0,94.85,True
0.10400000000000001,10.0,1.0,94.8,True
0.10500000000000001,10.0,1.0,94.75,True
0.10600000000000001,10.0,1.0,94.7,True
0.10700000000000001,10.0,1.0,94.65,True
0.10800000000000001,10.0,1.0,94.6,True
0.10900000000000001,10.0,1.0,94.55,True
0.11,10.0,1.0,94.5,True
0.111,10.0,1.0,94.45,True
0.112,10.0,1.0,94.4,True
0.113,10.0,1.0,94.35,True
0.114,10.0,1.0,94.3,True
0.115,10.0,1.0,94.25,True
0.116,10.0,1.0,94.2,True
0.117,10.0,1.0,94.15,True
0.11800000000000001,10.0,1.0,94.1,True
0.11900000000000001,10.0,1.0,94.05,True
0.12000000000000001,10.0,1.0,94.0,True
0.12100000000000001,10.0,1.0,93.95,True
0.122,10.0,1.0,93.9,True
0.123,10.0,1.0,93.85,True
0.124,10.0,1.0,93.8,True
0.125,10.0,1.0,93.75,True
0.126,10.0,1.0,93.7,True
0.127,10.0,1.0,93.65,True
0.128,10.0,1.0,93.6,True
0.129,10.0,1.0,93.55,True
0.13,10.0,1.0,93.5,True
0.131,10.0,1.0,93.45,True
0.132,10.0,1.0,93.4,True
0.133,10.0,1.0,93.35,True
0.134,10.0,1.0,93.3,True
0.135,10.0,1.0,93.25,True
0.136,10.0,1.0,93.2,True
0.137,10.0,1.0,93.15,True
0.138,10.0,1.0,93.1,True
0.139,10.0,1.0,93.05,True
0.14,10.0,1.0,93.0,True
0.14100000000000001,10.0,1.0,92.95,True
0.14200000000000002,10.0,1.0,92.9,True
0.14300000000000002,10.0,1.0,92.85,True
0.14400000000000002,10.0,1.0,92.8,True
0.14500000000000002,10.0,1.0,92.75,True
0.14600000000000002,10.0,1.0,92.7,True
0.14700000000000002,10.0,1.0,92.65,True
0.14800000000000002,10.0,1.0,92.6,True
0.14900000000000002,10.0,1.0,92.55,True
0.15000000000000002,10.0,1.0,92.5,True
0.15100000000000002,10.0,1.0,92.45,True
0.15200000000000002,10.0,1.0,92.4,True
0.153,10.0,1.0,92.35,True
0.154,10.0,1.0,92.3,True
0.155,10.0,1.0,92.25,True
0.156,10.0,1.0,92.2,True
0.157,10.0,1.0,92.15,True
0.158,10.0,1.0,92.1,True
0.159,10.0,1.0,92.05,True
0.16,10.0,1.0,92.0,True
0.161,10.0,1.0,91.95,True
0.162,10.0,1.0,91.9,True
0.163,10.0,1.0,91.85,True
0.164,10.0,1.0,91.8,True
0.165,10.0,1.0,91.75,True
0.166,10.0,1.0,91.7,True
0.167,10.0,1.0,91.65,True
0.168,10.0,1.0,91.6,True
0.169,10.0,1.0,91.55,True
0.17,10.0,1.0,91.5,True
0.171,10.0,1.0,91.45,True
0.17200000000000001,10.0,1.0,91.4,True
0.173,10.0,1.0,91.35,True
0.174,10.0,1.0,91.3,True
0.175,10.0,1.0,91.25,True
0.176,10.0,1.0,91.2,True
0.177,10.0,1.0,91.15,True
0.178,10.0,1.0,91.1,True
0.179,10.0,1.0,91.05,True
0.18,10.0,1.0,91.0,True
0.181,10.0,1.0,90.95,True
0.182,10.0,1.0,90.9,True
0.183,10.0,1.0,90.85,True
0.184,10.0,1.0,90.8,True
0.185,10.0,1.0,90.75,True
0.186,10.0,1.0,90.7,True
0.187,10.0,1.0,90.65,True
0.188,10.0,1.0,90.6,True
0.189,10.0,1.0,90.55,True
0.19,10.0,1.0,90.5,True
0.191,10.0,1.0,90.45,True
0.192,10.0,1.0,90.4,True
0.193,10.0,1.0,90.35,True
0.194,10.0,1.0,90.3,True
0.195,10.0,1.0,90.25,True
0.196,10.0,1.0,90.2,True
0.197,10.0,1.0,90.15,True
0.198,10.0,1.0,90.1,True
0.199,10.0,1.0,90.05,True
0.2,10.0,1.0,90.0,True
0.201,9.950248756218905,1.0,89.9502487562189,True
0.202,9.900990099009901,1.0,89.9009900990099,True
0.203,9.852216748768472,1.0,89.85221674876847,True
0.20400000000000001,9.80392156862745,1.0,89.80392156862746,True
0.20500000000000002,9.75609756097561,1.0,89.75609756097562,True
0.20600000000000002,9.70873786407767,1.0,89.70873786407766,True
0.20700000000000002,9.661835748792269,1.0,89.66183574879227,True
0.20800000000000002,9.615384615384615,1.0,89.61538461538461,True
0.20900000000000002,9.56937799043062,1.0,89.56937799043061,True
0.21000000000000002,9.523809523809524,1.0,89.52380952380953,True
0.21100000000000002,9.478672985781989,1.0,89.478672985782,True
0.21200000000000002,9.433962264150942,1.0,89.43396226415094,True
0.21300000000000002,9.389671361502346,1.0,89.38967136150234,True
0.21400000000000002,9.345794392523363,1.0,89.34579439252337,True
0.21500000000000002,9.302325581395348,1.0,89.30232558139534,True
0.21600000000000003,9.259259259259258,1.0,89.25925925925927,True
0.21700000000000003,9.216589861751151,1.0,89.21658986175116,True
0.21800000000000003,9.174311926605503,1.0,89.17431192660551,True
0.21900000000000003,9.1324200913242,1.0,89.13242009132419,True
0.22,9.090909090909092,1.0,89.0909090909091,True
0.221,9.049773755656108,1.0,89.0497737556561,True
0.222,9.00900900900901,1.0,89.00900900900902,True
0.223,8.968609865470851,1.0,88.96860986547085,True
0.224,8.928571428571429,1.0,88.92857142857143,True
0.225,8.88888888888889,1.0,88.88888888888889,True
0.226,8.849557522123893,1.0,88.8495575221239,True
0.227,8.810572687224669,1.0,88.81057268722468,True
0.228,8.771929824561402,1.0,88.77192982456141,True
0.229,8.73362445414847,1.0,88.73362445414847,True
0.23,8.695652173913043,1.0,88.69565217391303,True
0.231,8.658008658008658,1.0,88.65800865800867,True
0.232,8.620689655172413,1.0,88.62068965517241,True
0.233,8.583690987124463,1.0,88.58369098712446,True
0.234,8.547008547008547,1.0,88.54700854700855,True
0.23500000000000001,8.51063829787234,1.0,88.51063829787235,True
0.23600000000000002,8.47457627118644,1.0,88.47457627118644,True
0.23700000000000002,8.438818565400844,1.0,88.43881856540084,True
0.23800000000000002,8.403361344537814,1.0,88.40336134453781,True
0.23900000000000002,8.368200836820083,1.0,88.36820083682008,True
0.24000000000000002,8.333333333333332,1.0,88.33333333333334,True
0.24100000000000002,8.29875518672199,1.0,88.29875518672199,True
0.24200000000000002,8.264462809917354,1.0,88.26446280991736,True
0.24300000000000002,8.23045267489712,1.0,88.23045267489712,True
0.24400000000000002,8.19672131147541,1.0,88.1967213114754,True
0.245,8.16326530612245,1.0,88.16326530612244,True
0.246,8.130081300813009,1.0,88.13008130081302,True
0.247,8.097165991902834,1.0,88.09716599190283,True
0.248,8.064516129032258,1.0,88.06451612903226,True
0.249,8.032128514056225,1.0,88.03212851405623,True
0.25,8.0,1.0,88.0,True
0.251,7.968127490039841,1.0,87.96812749003983,True
0.252,7.936507936507937,1.0,87.93650793650794,True
0.253,7.905138339920948,1.0,87.90513833992094,True
0.254,7.874015748031496,1.0,87.8740157480315,True
0.255,7.8431372549019605,1.0,87.84313725490196,True
0.256,7.8125,1.0,87.8125,True
0.257,7.782101167315175,1.0,87.78210116731518,True
0.258,7.751937984496124,1.0,87.75193798449612,True
0.259,7.722007722007722,1.0,87.72200772200773,True
0.26,7.692307692307692,1.0,87.6923076923077,True
0.261,7.662835249042145,1.0,87.66283524904215,True
0.262,7.633587786259541,1.0,87.63358778625954,True
0.263,7.604562737642585,1.0,87.6045627376426,True
0.264,7.575757575757575,1.0,87.57575757575758,True
0.265,7.547169811320754,1.0,87.54716981132076,True
0.266,7.518796992481203,1.0,87.51879699248121,True
0.267,7.49063670411985,1.0,87.49063670411985,True
0.268,7.462686567164178,1.0,87.46268656716417,True
0.269,7.434944237918216,1.0,87.43494423791822,True
0.27,7.4074074074074066,1.0,87.4074074074074,True
0.271,7.380073800738007,1.0,87.38007380073802,True
0.272,7.352941176470588,1.0,87.35294117647058,True
0.273,7.326007326007326,1.0,87.32600732600733,True
0.274,7.2992700729927,1.0,87.2992700729927,True
0.275,7.2727272727272725,1.0,87.27272727272728,True
0.276,7.246376811594202,1.0,87.2463768115942,True
0.277,7.2202166064981945,1.0,87.22021660649818,True
0.278,7.194244604316546,1.0,87.19424460431654,True
0.279,7.168458781362006,1.0,87.168458781362,True
0.28,7.142857142857142,1.0,87.14285714285714,True
0.281,7.117437722419928,1.0,87.11743772241994,True
0.28200000000000003,7.092198581560283,1.0,87.09219858156028,True
0.28300000000000003,7.067137809187279,1.0,87.06713780918729,True
0.28400000000000003,7.04225352112676,1.0,87.04225352112675,True
0.28500000000000003,7.017543859649122,1.0,87.01754385964912,True
0.28600000000000003,6.9930069930069925,1.0,86.993006993007,True
0.28700000000000003,6.968641114982578,1.0,86.96864111498257,True
0.28800000000000003,6.944444444444444,1.0,86.94444444444444,True
0.28900000000000003,6.920415224913494,1.0,86.92041522491348,True
0.29000000000000004,6.896551724137931,1.0,86.89655172413792,True
0.29100000000000004,6.8728522336769755,1.0,86.87285223367697,True
0.29200000000000004,6.84931506849315,1.0,86.84931506849314,True
0.29300000000000004,6.8259385665529,1.0,86.82593856655289,True
0.29400000000000004,6.802721088435373,1.0,86.80272108843536,True
0.29500000000000004,6.779661016949151,1.0,86.77966101694915,True
0.29600000000000004,6.756756756756756,1.0,86.75675675675676,True
0.29700000000000004,6.734006734006733,1.0,86.73400673400674,True
0.29800000000000004,6.711409395973154,1.0,86.71140939597316,True
0.29900000000000004,6.68896321070234,1.0,86.68896321070234,True
0.30000000000000004,6.666666666666666,1.0,86.66666666666666,True
0.30100000000000005,6.644518272425248,1.0,86.64451827242524,True
0.30200000000000005,6.62251655629139,1.0,86.62251655629139,True
0.30300000000000005,6.6006600660066,1.0,86.6006600660066,True
0.30400000000000005,6.578947368421051,1.0,86.57894736842104,True
0.30500000000000005,6.557377049180327,1.0,86.55737704918032,True
0.30600000000000005,6.5359477124183,1.0,86.53594771241829,True
0.30700000000000005,6.514657980456025,1.0,86.51465798045604,True
0.30800000000000005,6.493506493506493,1.0,86.4935064935065,True
0.309,6.472491909385114,1.0,86.47249190938511,True
0.31,6.451612903225807,1.0,86.45161290322581,True
0.311,6.430868167202572,1.0,86.43086816720256,True
0.312,6.410256410256411,1.0,86.41025641025641,True
0.313,6.389776357827476,1.0,86.38977635782749,True
0.314,6.369426751592357,1.0,86.36942675159236,True
0.315,6.349206349206349,1.0,86.34920634920634,True
0.316,6.329113924050633,1.0,86.32911392405063,True
0.317,6.309148264984227,1.0,86.30914826498423,True
0.318,6.289308176100628,1.0,86.28930817610062,True
0.319,6.269592476489028,1.0,86.26959247648904,True
0.32,6.25,1.0,86.25,True
0.321,6.230529595015576,1.0,86.23052959501557,True
0.322,6.211180124223603,1.0,86.2111801242236,True
0.323,6.191950464396284,1.0,86.19195046439629,True
0.324,6.172839506172839,1.0,86.17283950617285,True
0.325,6.153846153846153,1.0,86.15384615384615,True
0.326,6.134969325153374,1.0,86.13496932515338,True
0.327,6.116207951070336,1.0,86.11620795107034,True
0.328,6.097560975609756,1.0,86.09756097560975,True
0.329,6.0790273556231,1.0,86.0790273556231,True
0.33,6.0606060606060606,1.0,86.06060606060606,True
0.331,6.042296072507552,1.0,86.04229607250755,True
0.332,6.024096385542168,1.0,86.02409638554217,True
0.333,6.006006006006006,1.0,86.006006006006,True
0.334,5.988023952095808,1.0,85.98802395209582,True
0.335,5.970149253731343,1.0,85.97014925373135,True
0.336,5.952380952380952,1.0,85.95238095238095,True
0.337,5.9347181008902075,1.0,85.93471810089021,True
0.338,5.9171597633136095,1.0,85.9171597633136,True
0.339,5.899705014749262,1.0,85.89970501474926,True
0.33999999999999997,5.882352941176471,1.0,85.88235294117648,True
0.34099999999999997,5.865102639296188,1.0,85.8651026392962,True
0.34199999999999997,5.847953216374269,1.0,85.84795321637428,True
0.34299999999999997,5.830903790087464,1.0,85.83090379008746,True
0.344,5.813953488372094,1.0,85.81395348837209,True
0.345,5.797101449275363,1.0,85.79710144927537,True
0.346,5.780346820809249,1.0,85.78034682080926,True
0.347,5.763688760806917,1.0,85.76368876080691,True
0.348,5.74712643678161,1.0,85.7471264367816,True
0.349,5.730659025787966,1.0,85.73065902578797,True
0.35,5.714285714285714,1.0,85.71428571428572,True
0.351,5.698005698005699,1.0,85.6980056980057,True
0.352,5.6818181818181825,1.0,85.68181818181817,True
0.353,5.6657223796034,1.0,85.66572237960341,True
0.354,5.649717514124294,1.0,85.64971751412429,True
0.355,5.633802816901409,1.0,85.63380281690141,True
0.356,5.617977528089888,1.0,85.6179775280899,True
0.357,5.602240896358544,1.0,85.60224089635855,True
0.358,5.58659217877095,1.0,85.58659217877094,True
0.359,5.571030640668524,1.0,85.57103064066852,True
0.36,5.555555555555555,1.0,85.55555555555556,True
0.361,5.54016620498615,1.0,85.54016620498615,True
0.362,5.524861878453039,1.0,85.52486187845304,True
0.363,5.5096418732782375,1.0,85.50964187327824,True
0.364,5.4945054945054945,1.0,85.4945054945055,True
0.365,5.47945205479452,1.0,85.47945205479452,True
0.366,5.46448087431694,1.0,85.46448087431695,True
0.367,5.4495912806539515,1.0,85.44959128065395,True
0.368,5.434782608695652,1.0,85.43478260869566,True
0.369,5.420054200542006,1.0,85.420054200542,True
0.37,5.405405405405405,1.0,85.4054054054054,True
0.371,5.390835579514825,1.0,85.39083557951483,True
0.372,5.376344086021505,1.0,85.3763440860215,True
0.373,5.361930294906166,1.0,85.36193029490617,True
0.374,5.347593582887701,1.0,85.3475935828877,True
0.375,5.333333333333333,1.0,85.33333333333334,True
0.376,5.319148936170213,1.0,85.31914893617022,True
0.377,5.305039787798409,1.0,85.3050397877984,True
0.378,5.291005291005291,1.0,85.29100529100529,True
0.379,5.277044854881266,1.0,85.27704485488127,True
0.38,5.2631578947368425,1.0,85.26315789473684,True
0.381,5.2493438320209975,1.0,85.249343832021,True
0.382,5.2356020942408374,1.0,85.23560209424085,True
0.383,5.221932114882507,1.0,85.2219321148825,True
0.384,5.208333333333333,1.0,85.20833333333334,True
0.385,5.194805194805195,1.0,85.19480519480518,True
0.386,5.181347150259067,1.0,85.18134715025906,True
0.387,5.167958656330749,1.0,85.16795865633074,True
0.388,5.154639175257731,1.0,85.15463917525773,True
0.389,5.141388174807198,1.0,85.14138817480719,True
0.39,5.128205128205128,1.0,85.12820512820514,True
0.391,5.115089514066496,1.0,85.1150895140665,True
0.392,5.1020408163265305,1.0,85.10204081632652,True
0.393,5.089058524173028,1.0,85.08905852417303,True
0.394,5.0761421319796955,1.0,85.0761421319797,True
0.395,5.063291139240506,1.0,85.0632911392405,True
0.396,5.05050505050505,1.0,85.05050505050505,True
0.397,5.037783375314861,1.0,85.03778337531486,True
0.398,5.025125628140703,1.0,85.0251256281407,True
0.399,5.012531328320802,1.0,85.0125313283208,True
0.4,5.0,1.0,85.0,True
0.401,4.987531172069825,1.0,84.98753117206982,True
0.402,4.975124378109452,1.0,84.97512437810946,True
0.403,4.962779156327543,1.0,84.96277915632754,True
0.404,4.9504950495049505,1.0,84.95049504950495,True
0.405,4.938271604938271,1.0,84.93827160493828,True
0.406,4.926108374384236,1.0,84.92610837438424,True
0.40700000000000003,4.914004914004914,1.0,84.9140049140049,True
0.40800000000000003,4.901960784313725,1.0,84.90196078431372,True
0.40900000000000003,4.889975550122249,1.0,84.88997555012226,True
0.41000000000000003,4.878048780487805,1.0,84.8780487804878,True
0.41100000000000003,4.8661800486618,1.0,84.86618004866179,True
0.41200000000000003,4.854368932038835,1.0,84.85436893203882,True
0.41300000000000003,4.842615012106537,1.0,84.84261501210653,True
0.41400000000000003,4.8309178743961345,1.0,84.83091787439614,True
0.41500000000000004,4.8192771084337345,1.0,84.81927710843374,True
0.41600000000000004,4.8076923076923075,1.0,84.8076923076923,True
0.41700000000000004,4.796163069544364,1.0,84.79616306954436,True
0.41800000000000004,4.78468899521531,1.0,84.78468899521532,True
0.41900000000000004,4.77326968973747,1.0,84.77326968973746,True
0.42000000000000004,4.761904761904762,1.0,84.76190476190476,True
0.42100000000000004,4.750593824228028,1.0,84.75059382422802,True
0.42200000000000004,4.7393364928909945,1.0,84.73933649289098,True
0.42300000000000004,4.7281323877068555,1.0,84.72813238770686,True
0.42400000000000004,4.716981132075471,1.0,84.71698113207546,True
0.42500000000000004,4.705882352941176,1.0,84.70588235294117,True
0.42600000000000005,4.694835680751173,1.0,84.69483568075118,True
0.42700000000000005,4.68384074941452,1.0,84.68384074941453,True
0.42800000000000005,4.672897196261681,1.0,84.67289719626167,True
0.42900000000000005,4.662004662004661,1.0,84.66200466200466,True
0.43000000000000005,4.651162790697674,1.0,84.65116279069768,True
0.43100000000000005,4.640371229698375,1.0,84.64037122969837,True
0.43200000000000005,4.629629629629629,1.0,84.62962962962962,True
0.43300000000000005,4.618937644341801,1.0,84.6189376443418,True
0.43400000000000005,4.608294930875576,1.0,84.60829493087557,True
0.43500000000000005,4.597701149425287,1.0,84.59770114942529,True
0.43600000000000005,4.587155963302751,1.0,84.58715596330275,True
0.43700000000000006,4.576659038901601,1.0,84.57665903890161,True
0.43800000000000006,4.5662100456621,1.0,84.5662100456621,True
0.43900000000000006,4.5558086560364455,1.0,84.55580865603645,True
0.44000000000000006,4.545454545454545,1.0,84.54545454545455,True
0.44100000000000006,4.5351473922902485,1.0,84.53514739229026,True
0.44200000000000006,4.524886877828053,1.0,84.52488687782805,True
0.44300000000000006,4.514672686230248,1.0,84.51467268623026,True
0.44400000000000006,4.504504504504504,1.0,84.5045045045045,True
0.44500000000000006,4.4943820224719095,1.0,84.49438202247191,True
0.44600000000000006,4.484304932735426,1.0,84.48430493273543,True
0.44700000000000006,4.474272930648769,1.0,84.47427293064877,True
0.44800000000000006,4.4642857142857135,1.0,84.46428571428572,True
0.44900000000000007,4.454342984409799,1.0,84.45434298440979,True
0.45000000000000007,4.444444444444444,1.0,84.44444444444444,True
0.45100000000000007,4.434589800443458,1.0,84.43458980044346,True
0.45199999999999996,4.424778761061948,1.0,84.42477876106196,True
0.45299999999999996,4.415011037527594,1.0,84.41501103752759,True
0.45399999999999996,4.405286343612335,1.0,84.40528634361235,True
0.45499999999999996,4.395604395604396,1.0,84.3956043956044,True
0.45599999999999996,4.385964912280702,1.0,84.38596491228071,True
0.45699999999999996,4.37636761487965,1.0,84.37636761487964,True
0.45799999999999996,4.366812227074236,1.0,84.36681222707423,True
0.45899999999999996,4.357298474945534,1.0,84.35729847494554,True
0.45999999999999996,4.347826086956522,1.0,84.34782608695652,True
0.46099999999999997,4.3383947939262475,1.0,84.33839479392626,True
0.46199999999999997,4.329004329004329,1.0,84.32900432900432,True
0.46299999999999997,4.319654427645789,1.0,84.31965442764579,True
0.46399999999999997,4.310344827586207,1.0,84.3103448275862,True
0.46499999999999997,4.301075268817205,1.0,84.30107526881721,True
0.46599999999999997,4.291845493562232,1.0,84.29184549356223,True
0.46699999999999997,4.282655246252677,1.0,84.28265524625269,True
0.46799999999999997,4.273504273504273,1.0,84.27350427350427,True
0.469,4.264392324093817,1.0,84.26439232409382,True
0.47,4.25531914893617,1.0,84.25531914893617,True
0.471,4.246284501061571,1.0,84.24628450106158,True
0.472,4.237288135593221,1.0,84.23728813559322,True
0.473,4.2283298097251585,1.0,84.22832980972517,True
0.474,4.219409282700422,1.0,84.21940928270041,True
0.475,4.2105263157894735,1.0,84.21052631578947,True
0.476,4.201680672268908,1.0,84.2016806722689,True
0.477,4.1928721174004195,1.0,84.19287211740043,True
0.478,4.184100418410042,1.0,84.18410041841004,True
0.479,4.175365344467641,1.0,84.17536534446765,True
0.48,4.166666666666667,1.0,84.16666666666666,True
0.481,4.158004158004158,1.0,84.15800415800416,True
0.482,4.149377593360996,1.0,84.149377593361,True
0.483,4.140786749482402,1.0,84.1407867494824,True
0.484,4.132231404958678,1.0,84.13223140495869,True
0.485,4.123711340206186,1.0,84.12371134020619,True
0.486,4.11522633744856,1.0,84.11522633744856,True
0.487,4.106776180698152,1.0,84.10677618069816,True
0.488,4.098360655737705,1.0,84.09836065573771,True
0.489,4.08997955010225,1.0,84.08997955010226,True
0.49,4.081632653061225,1.0,84.08163265306123,True
0.491,4.0733197556008145,1.0,84.0733197556008,True
0.492,4.065040650406504,1.0,84.0650406504065,True
0.493,4.056795131845842,1.0,84.05679513184583,True
0.494,4.048582995951417,1.0,84.04858299595142,True
0.495,4.040404040404041,1.0,84.04040404040404,True
0.496,4.032258064516129,1.0,84.03225806451613,True
0.497,4.0241448692152915,1.0,84.02414486921529,True
0.498,4.016064257028113,1.0,84.0160642570281,True
0.499,4.008016032064128,1.0,84.00801603206413,True
0.5,4.0,1.0,84.0,True
0.501,3.992015968063872,1.0,83.99201596806388,True
0.502,3.9840637450199203,1.0,83.98406374501991,True
0.503,3.9761431411530817,1.0,83.97614314115307,True
0.504,3.9682539682539684,1.0,83.96825396825396,True
0.505,3.9603960396039604,1.0,83.96039603960395,True
0.506,3.952569169960474,1.0,83.95256916996048,True
0.507,3.9447731755424065,1.0,83.94477317554241,True
0.508,3.937007874015748,1.0,83.93700787401575,True
0.509,3.9292730844793713,1.0,83.92927308447936,True
0.51,3.9215686274509802,1.0,83.92156862745098,True
0.511,3.9138943248532287,1.0,83.91389432485323,True
0.512,3.90625,1.0,83.90625,True
0.513,3.898635477582846,1.0,83.89863547758284,True
0.514,3.8910505836575875,1.0,83.89105058365759,True
0.515,3.883495145631068,1.0,83.88349514563106,True
0.516,3.875968992248062,1.0,83.87596899224806,True
0.517,3.8684719535783363,1.0,83.86847195357834,True
0.518,3.861003861003861,1.0,83.86100386100385,True
0.519,3.8535645472061657,1.0,83.85356454720616,True
0.52,3.846153846153846,1.0,83.84615384615385,True
0.521,3.838771593090211,1.0,83.8387715930902,True
0.522,3.8314176245210727,1.0,83.83141762452108,True
0.523,3.8240917782026767,1.0,83.82409177820269,True
0.524,3.8167938931297707,1.0,83.81679389312977,True
0.525,3.8095238095238093,1.0,83.80952380952381,True
0.526,3.8022813688212924,1.0,83.80228136882128,True
0.527,3.795066413662239,1.0,83.79506641366224,True
0.528,3.7878787878787876,1.0,83.7878787878788,True
0.529,3.7807183364839316,1.0,83.78071833648393,True
0.53,3.773584905660377,1.0,83.77358490566039,True
0.531,3.766478342749529,1.0,83.76647834274954,True
0.532,3.7593984962406015,1.0,83.75939849624059,True
0.533,3.7523452157598496,1.0,83.75234521575985,True
0.534,3.745318352059925,1.0,83.74531835205993,True
0.535,3.7383177570093458,1.0,83.73831775700936,True
0.536,3.731343283582089,1.0,83.73134328358209,True
0.537,3.7243947858472994,1.0,83.72439478584731,True
0.538,3.717472118959108,1.0,83.71747211895911,True
0.539,3.7105751391465676,1.0,83.71057513914657,True
0.54,3.7037037037037033,1.0,83.7037037037037,True
0.541,3.696857670979667,1.0,83.69685767097967,True
0.542,3.6900369003690034,1.0,83.690036900369,True
0.543,3.6832412523020257,1.0,83.68324125230203,True
0.544,3.676470588235294,1.0,83.6764705882353,True
0.545,3.6697247706422016,1.0,83.6697247706422,True
0.546,3.663003663003663,1.0,83.66300366300366,True
0.547,3.6563071297989027,1.0,83.6563071297989,True
0.548,3.64963503649635,1.0,83.64963503649635,True
0.549,3.6429872495446265,1.0,83.64298724954462,True
0.55,3.6363636363636362,1.0,83.63636363636363,True
0.551,3.629764065335753,1.0,83.62976406533576,True
0.552,3.623188405797101,1.0,83.62318840579711,True
0.553,3.6166365280289328,1.0,83.61663652802893,True
0.554,3.6101083032490973,1.0,83.6101083032491,True
0.555,3.603603603603603,1.0,83.6036036036036,True
0.556,3.597122302158273,1.0,83.59712230215828,True
0.557,3.5906642728904843,1.0,83.59066427289049,True
0.558,3.584229390681003,1.0,83.584229390681,True
0.559,3.577817531305903,1.0,83.57781753130591,True
0.56,3.571428571428571,1.0,83.57142857142857,True
0.561,3.5650623885918,1.0,83.5650623885918,True
0.562,3.558718861209964,1.0,83.55871886120997,True
0.5630000000000001,3.5523978685612785,1.0,83.55239786856129,True
0.5640000000000001,3.5460992907801416,1.0,83.54609929078013,True
0.5650000000000001,3.5398230088495573,1.0,83.53982300884957,True
0.5660000000000001,3.5335689045936394,1.0,83.53356890459364,True
0.5670000000000001,3.527336860670194,1.0,83.5273368606702,True
0.5680000000000001,3.52112676056338,1.0,83.52112676056339,True
0.5690000000000001,3.5149384885764494,1.0,83.51493848857645,True
0.5700000000000001,3.508771929824561,1.0,83.50877192982456,True
0.5710000000000001,3.5026269702276704,1.0,83.50262697022768,True
0.5720000000000001,3.4965034965034962,1.0,83.4965034965035,True
0.5730000000000001,3.490401396160558,1.0,83.49040139616055,True
0.5740000000000001,3.484320557491289,1.0,83.48432055749129,True
0.5750000000000001,3.478260869565217,1.0,83.47826086956522,True
0.5760000000000001,3.472222222222222,1.0,83.47222222222221,True
0.5770000000000001,3.4662045060658575,1.0,83.46620450606585,True
0.5780000000000001,3.460207612456747,1.0,83.46020761245676,True
0.5790000000000001,3.4542314335060444,1.0,83.45423143350605,True
0.58,3.4482758620689657,1.0,83.44827586206897,True
0.581,3.442340791738382,1.0,83.44234079173837,True
0.582,3.436426116838488,1.0,83.43642611683849,True
0.583,3.430531732418525,1.0,83.43053173241852,True
0.584,3.4246575342465757,1.0,83.42465753424658,True
0.585,3.418803418803419,1.0,83.41880341880342,True
0.586,3.4129692832764507,1.0,83.41296928327645,True
0.587,3.4071550255536627,1.0,83.40715502555366,True
0.588,3.4013605442176873,1.0,83.4013605442177,True
0.589,3.395585738539898,1.0,83.3955857385399,True
0.59,3.3898305084745766,1.0,83.38983050847457,True
0.591,3.3840947546531304,1.0,83.38409475465312,True
0.592,3.3783783783783785,1.0,83.37837837837839,True
0.593,3.3726812816188874,1.0,83.3726812816189,True
0.594,3.367003367003367,1.0,83.36700336700338,True
0.595,3.361344537815126,1.0,83.36134453781513,True
0.596,3.3557046979865772,1.0,83.35570469798657,True
0.597,3.3500837520938025,1.0,83.3500837520938,True
0.598,3.3444816053511706,1.0,83.34448160535116,True
0.599,3.33889816360601,1.0,83.33889816360602,True
0.6,3.3333333333333335,1.0,83.33333333333334,True
0.601,3.327787021630616,1.0,83.32778702163063,True
0.602,3.3222591362126246,1.0,83.32225913621262,True
0.603,3.316749585406302,1.0,83.3167495854063,True
0.604,3.3112582781456954,1.0,83.31125827814569,True
0.605,3.3057851239669422,1.0,83.30578512396694,True
0.606,3.3003300330033003,1.0,83.30033003300329,True
0.607,3.2948929159802307,1.0,83.29489291598023,True
0.608,3.2894736842105265,1.0,83.28947368421053,True
0.609,3.284072249589491,1.0,83.2840722495895,True
0.61,3.278688524590164,1.0,83.27868852459017,True
0.611,3.2733224222585924,1.0,83.2733224222586,True
0.612,3.2679738562091503,1.0,83.26797385620915,True
0.613,3.2626427406199023,1.0,83.26264274061991,True
0.614,3.257328990228013,1.0,83.257328990228,True
0.615,3.252032520325203,1.0,83.2520325203252,True
0.616,3.2467532467532467,1.0,83.24675324675326,True
0.617,3.2414910858995136,1.0,83.24149108589951,True
0.618,3.236245954692557,1.0,83.23624595469255,True
0.619,3.2310177705977385,1.0,83.23101777059773,True
0.62,3.2258064516129035,1.0,83.22580645161291,True
0.621,3.2206119162640903,1.0,83.22061191626409,True
0.622,3.215434083601286,1.0,83.2154340836013,True
0.623,3.2102728731942216,1.0,83.21027287319421,True
0.624,3.2051282051282053,1.0,83.2051282051282,True
0.625,3.2,1.0,83.2,True
0.626,3.194888178913738,1.0,83.19488817891373,True
0.627,3.189792663476874,1.0,83.18979266347687,True
0.628,3.1847133757961785,1.0,83.18471337579618,True
0.629,3.179650238473768,1.0,83.17965023847377,True
0.63,3.1746031746031744,1.0,83.17460317460316,True
0.631,3.1695721077654517,1.0,83.16957210776546,True
0.632,3.1645569620253164,1.0,83.16455696202532,True
0.633,3.1595576619273302,1.0,83.15955766192734,True
0.634,3.1545741324921135,1.0,83.15457413249212,True
0.635,3.149606299212598,1.0,83.1496062992126,True
0.636,3.144654088050314,1.0,83.14465408805032,True
0.637,3.1397174254317113,1.0,83.13971742543171,True
0.638,3.134796238244514,1.0,83.1347962382445,True
0.639,3.1298904538341157,1.0,83.12989045383411,True
0.64,3.125,1.0,83.125,True
0.641,3.1201248049921997,1.0,83.1201248049922,True
0.642,3.115264797507788,1.0,83.11526479750779,True
0.643,3.1104199066874028,1.0,83.11041990668741,True
0.644,3.1055900621118013,1.0,83.1055900621118,True
0.645,3.1007751937984493,1.0,83.10077519379844,True
0.646,3.095975232198142,1.0,83.09597523219814,True
0.647,3.0911901081916535,1.0,83.09119010819165,True
0.648,3.0864197530864197,1.0,83.08641975308642,True
0.649,3.081664098613251,1.0,83.08166409861326,True
0.65,3.0769230769230766,1.0,83.07692307692307,True
0.651,3.0721966205837172,1.0,83.07219662058372,True
0.652,3.067484662576687,1.0,83.06748466257669,True
0.653,3.0627871362940273,1.0,83.06278713629403,True
0.654,3.058103975535168,1.0,83.05810397553516,True
0.655,3.0534351145038165,1.0,83.05343511450383,True
0.656,3.048780487804878,1.0,83.04878048780488,True
0.657,3.0441400304414,1.0,83.0441400304414,True
0.658,3.03951367781155,1.0,83.03951367781154,True
0.659,3.0349013657056143,1.0,83.03490136570562,True
0.66,3.0303030303030303,1.0,83.03030303030303,True
0.661,3.02571860816944,1.0,83.02571860816944,True
0.662,3.021148036253776,1.0,83.02114803625378,True
0.663,3.0165912518853695,1.0,83.01659125188536,True
0.664,3.012048192771084,1.0,83.01204819277108,True
0.665,3.007518796992481,1.0,83.00751879699247,True
0.666,3.003003003003003,1.0,83.003003003003,True
0.667,2.998500749625187,1.0,82.99850074962518,True
0.668,2.994011976047904,1.0,82.99401197604791,True
0.669,2.9895366218236172,1.0,82.98953662182362,True
0.67,2.9850746268656714,1.0,82.98507462686567,True
0.671,2.9806259314456036,1.0,82.9806259314456,True
0.672,2.976190476190476,1.0,82.97619047619047,True
0.673,2.9717682020802374,1.0,82.97176820208023,True
0.674,2.9673590504451037,1.0,82.9673590504451,True
0.675,2.962962962962963,1.0,82.96296296296296,True
0.676,2.9585798816568047,1.0,82.9585798816568,True
0.6769999999999999,2.9542097488921715,1.0,82.95420974889217,True
0.6779999999999999,2.9498525073746316,1.0,82.94985250737463,True
0.6789999999999999,2.9455081001472756,1.0,82.94550810014726,True
0.6799999999999999,2.9411764705882355,1.0,82.94117647058823,True
0.6809999999999999,2.9368575624082234,1.0,82.93685756240822,True
0.6819999999999999,2.932551319648094,1.0,82.93255131964808,True
0.6829999999999999,2.9282576866764276,1.0,82.92825768667643,True
0.6839999999999999,2.9239766081871346,1.0,82.92397660818713,True
0.6849999999999999,2.9197080291970807,1.0,82.91970802919708,True
0.6859999999999999,2.915451895043732,1.0,82.91545189504373,True
0.6869999999999999,2.9112081513828243,1.0,82.91120815138282,True
0.688,2.906976744186047,1.0,82.90697674418604,True
0.689,2.902757619738752,1.0,82.90275761973875,True
0.69,2.8985507246376816,1.0,82.89855072463767,True
0.691,2.8943560057887123,1.0,82.89435600578872,True
0.692,2.8901734104046244,1.0,82.89017341040463,True
0.693,2.886002886002886,1.0,82.88600288600288,True
0.694,2.8818443804034586,1.0,82.88184438040345,True
0.695,2.877697841726619,1.0,82.87769784172662,True
0.696,2.873563218390805,1.0,82.87356321839081,True
0.697,2.8694404591104736,1.0,82.86944045911046,True
0.698,2.865329512893983,1.0,82.865329512894,True
0.699,2.861230329041488,1.0,82.86123032904149,True
0.7,2.857142857142857,1.0,82.85714285714286,True
