mu_A,lambda_A,c_Q,bias_ratio,a_L,m_L,a_H,m_H,IC_L_slack,IC_H_slack,IR_L_slack,IR_H_slack,active_constraints,IC_L_active,IC_H_active,IR_L_active,IR_H_active
0.1,2.0,2.0,10.0,1.0,6.666666666666667,1.0,4.0,1.0666666666666629,1.7777777777777857,86.66666666666666,84.0,None,False,False,False,False
0.1,4.0,2.0,20.0,0.0,10.0,0.0,10.0,0.0,0.0,85.0,75.0,IC_L+IC_H,True,True,False,False
0.1,6.0,2.0,30.0,0.0,10.0,0.0,10.0,0.0,0.0,85.0,75.0,IC_L+IC_H,True,True,False,False
0.1,8.0,2.0,40.0,0.0,10.0,0.0,10.0,0.0,0.0,85.0,75.0,IC_L+IC_H,True,True,False,False
0.1,10.0,2.0,50.0,0.0,10.0,0.0,10.0,0.0,0.0,85.0,75.0,IC_L+IC_H,True,True,False,False
0.1,12.0,2.0,60.0,0.0,10.0,0.0,10.0,0.0,0.0,85.0,75.0,IC_L+IC_H,True,True,False,False
0.1,14.0,2.0,70.0,4.3964551484294446e-12,10.0,0.0987654909753085,10.0,0.0,0.0,85.0,75.0,IC_L+IC_H,True,True,False,False
0.1,16.0,2.0,80.0,0.0,10.0,0.09876549096682652,10.0,0.0,0.0,85.0,75.0,IC_L+IC_H,True,True,False,False
0.1,18.0,2.0,90.0,1.2272641305364896e-11,10.0,0.09876549098870703,10.0,0.0,0.0,85.0,75.0,IC_L+IC_H,True,True,False,False
0.1,20.0,2.0,100.0,0.0,10.0,0.0,10.0,0.0,0.0,85.0,75.0,IC_L+IC_H,True,True,False,False
0.2,2.0,2.0,5.0,1.0,6.666666666666667,1.0,4.0,1.0666666666666629,1.7777777777777857,86.66666666666666,84.0,None,False,False,False,False
0.2,4.0,2.0,10.0,0.0,10.0,0.0,10.0,0.0,0.0,85.0,75.0,IC_L+IC_H,True,True,False,False
0.2,6.0,2.0,15.0,0.0,10.0,0.0,10.0,0.0,0.0,85.0,75.0,IC_L+IC_H,True,True,False,False
0.2,8.0,2.0,20.0,0.0,10.0,0.0,10.0,0.0,0.0,85.0,75.0,IC_L+IC_H,True,True,False,False
0.2,10.0,2.0,25.0,0.0,10.0,0.0,10.0,0.0,0.0,85.0,75.0,IC_L+IC_H,True,True,False,False
0.2,12.0,2.0,30.0,0.0,10.0,0.0,10.0,0.0,0.0,85.0,75.0,IC_L+IC_H,True,True,False,False
0.2,14.0,2.0,35.0,0.0,10.0,0.0,10.0,0.0,0.0,85.0,75.0,IC_L+IC_H,True,True,False,False
0.2,16.0,2.0,40.0,1.4348752396646004e-11,10.0,0.09876549099270614,9.999999999999998,1.4210854715202004e-14,0.0,85.0,75.0,IC_L+IC_H,True,True,False,False
0.2,18.0,2.0,45.0,0.0,10.0,0.09876549096238563,10.0,0.0,0.0,85.0,75.0,IC_L+IC_H,True,True,False,False
0.2,20.0,2.0,50.0,0.0,10.0,0.09876549095401543,10.0,0.0,0.0,85.0,75.0,IC_L+IC_H,True,True,False,False
0.30000000000000004,2.0,2.0,3.333333333333333,1.0,6.666666666666667,1.0,4.0,1.0666666666666629,1.7777777777777857,86.66666666666666,84.0,None,False,False,False,False
0.30000000000000004,4.0,2.0,6.666666666666666,0.0,10.0,0.0,10.0,0.0,0.0,85.0,75.0,IC_L+IC_H,True,True,False,False
0.30000000000000004,6.0,2.0,9.999999999999998,0.0,10.0,0.0,10.0,0.0,0.0,85.0,75.0,IC_L+IC_H,True,True,False,False
0.30000000000000004,8.0,2.0,13.333333333333332,0.0,10.0,0.0,10.0,0.0,0.0,85.0,75.0,IC_L+IC_H,True,True,False,False
0.30000000000000004,10.0,2.0,16.666666666666664,0.0,10.0,0.0,10.0,0.0,0.0,85.0,75.0,IC_L+IC_H,True,True,False,False
0.30000000000000004,12.0,2.0,19.999999999999996,0.0,10.0,0.0,10.0,0.0,0.0,85.0,75.0,IC_L+IC_H,True,True,False,False
0.30000000000000004,14.0,2.0,23.33333333333333,0.0,10.0,0.0,10.0,0.0,0.0,85.0,75.0,IC_L+IC_H,True,True,False,False
0.30000000000000004,16.0,2.0,26.666666666666664,0.0,10.0,0.09876549096610177,10.0,0.0,0.0,85.0,75.0,IC_L+IC_H,True,True,False,False
0.30000000000000004,18.0,2.0,29.999999999999996,0.0,10.0,0.09876549096236431,10.0,0.0,0.0,85.0,75.0,IC_L+IC_H,True,True,False,False
0.30000000000000004,20.0,2.0,33.33333333333333,1.2731264773570582e-11,10.0,0.09876549098932372,10.0,0.0,0.0,85.0,75.0,IC_L+IC_H,True,True,False,False
0.4,2.0,2.0,2.5,1.0,6.666666666666667,1.0,4.0,1.0666666666666629,1.7777777777777857,86.66666666666666,84.0,None,False,False,False,False
0.4,4.0,2.0,5.0,0.0,10.0,0.0,10.0,0.0,0.0,85.0,75.0,IC_L+IC_H,True,True,False,False
0.4,6.0,2.0,7.5,0.0,10.0,0.0,10.0,0.0,0.0,85.0,75.0,IC_L+IC_H,True,True,False,False
0.4,8.0,2.0,10.0,0.0,10.0,0.0,10.0,0.0,0.0,85.0,75.0,IC_L+IC_H,True,True,False,False
0.4,10.0,2.0,12.5,0.0,10.0,0.0,10.0,0.0,0.0,85.0,75.0,IC_L+IC_H,True,True,False,False
0.4,12.0,2.0,15.0,0.0,10.0,0.0,10.0,0.0,0.0,85.0,75.0,IC_L+IC_H,True,True,False,False
0.4,14.0,2.0,17.5,0.0,10.0,0.0,10.0,0.0,0.0,85.0,75.0,IC_L+IC_H,True,True,False,False
0.4,16.0,2.0,20.0,0.0,10.0,0.09876549096269116,10.0,0.0,0.0,85.0,75.0,IC_L+IC_H,True,True,False,False
0.4,18.0,2.0,22.5,4.982141890312772e-12,10.0,0.0987654909761265,10.0,0.0,0.0,85.0,75.0,IC_L+IC_H,True,True,False,False
0.4,20.0,2.0,25.0,0.0,10.0,0.09876549095219644,10.0,0.0,0.0,85.0,75.0,IC_L+IC_H,True,True,False,False
0.5,2.0,2.0,2.0,1.0,6.666666666666667,1.0,4.0,1.0666666666666629,1.7777777777777857,86.66666666666666,84.0,None,False,False,False,False
0.5,4.0,2.0,4.0,0.0,10.0,0.0,10.0,0.0,0.0,85.0,75.0,IC_L+IC_H,True,True,False,False
0.5,6.0,2.0,6.0,0.0,10.0,0.0,10.0,0.0,0.0,85.0,75.0,IC_L+IC_H,True,True,False,False
0.5,8.0,2.0,8.0,0.0,10.0,0.0,10.0,0.0,0.0,85.0,75.0,IC_L+IC_H,True,True,False,False
0.5,10.0,2.0,10.0,0.0,10.0,0.0,10.0,0.0,0.0,85.0,75.0,IC_L+IC_H,True,True,False,False
0.5,12.0,2.0,12.0,0.0,10.0,0.0,10.0,0.0,0.0,85.0,75.0,IC_L+IC_H,True,True,False,False
0.5,14.0,2.0,14.0,0.0,10.0,0.0,10.0,0.0,0.0,85.0,75.0,IC_L+IC_H,True,True,False,False
0.5,16.0,2.0,16.0,7.34482486689088e-12,9.999999999999998,0.09876549098040696,9.999999999999998,0.0,0.0,84.99999999999999,75.0,IC_L+IC_H,True,True,False,False
0.5,18.0,2.0,18.0,0.0,10.0,0.09876549096578913,10.0,0.0,0.0,85.0,75.0,IC_L+IC_H,True,True,False,False
0.5,20.0,2.0,20.0,0.0,10.0,0.09876549096539122,10.0,0.0,0.0,85.0,75.0,IC_L+IC_H,True,True,False,False
0.6,2.0,2.0,1.6666666666666667,1.0,6.666666666666667,1.0,4.0,1.0666666666666629,1.7777777777777857,86.66666666666666,84.0,None,False,False,False,False
0.6,4.0,2.0,3.3333333333333335,0.0,10.0,0.0,10.0,0.0,0.0,85.0,75.0,IC_L+IC_H,True,True,False,False
0.6,6.0,2.0,5.0,0.0,10.0,0.0,10.0,0.0,0.0,85.0,75.0,IC_L+IC_H,True,True,False,False
0.6,8.0,2.0,6.666666666666667,0.0,10.0,0.0,10.0,0.0,0.0,85.0,75.0,IC_L+IC_H,True,True,False,False
0.6,10.0,2.0,8.333333333333334,0.0,10.0,0.0,10.0,0.0,0.0,85.0,75.0,IC_L+IC_H,True,True,False,False
0.6,12.0,2.0,10.0,0.0,10.0,0.0,10.0,0.0,0.0,85.0,75.0,IC_L+IC_H,True,True,False,False
0.6,14.0,2.0,11.666666666666668,0.0,10.0,0.09876549096093967,10.0,0.0,0.0,85.0,75.0,IC_L+IC_H,True,True,False,False
0.6,16.0,2.0,13.333333333333334,0.0,10.0,0.09876549096721732,10.0,0.0,0.0,85.0,75.0,IC_L+IC_H,True,True,False,False
0.6,18.0,2.0,15.0,0.0,10.0,0.0,10.0,0.0,0.0,85.0,75.0,IC_L+IC_H,True,True,False,False
0.6,20.0,2.0,16.666666666666668,1.2258365796083463e-11,9.999999999999996,0.09876549098847412,9.999999999999995,1.4210854715202004e-14,0.0,85.0,75.0,IC_L+IC_H,True,True,False,False
0.7000000000000001,2.0,2.0,1.4285714285714284,1.0,6.666666666666667,1.0,4.0,1.0666666666666629,1.7777777777777857,86.66666666666666,84.0,None,False,False,False,False
0.7000000000000001,4.0,2.0,2.8571428571428568,0.0,10.0,0.6764705882352942,9.80392156862745,0.0,0.3883121876201443,85.0,75.38831218762014,IC_L,True,False,False,False
0.7000000000000001,6.0,2.0,4.285714285714286,0.0,10.0,0.0,10.0,0.0,0.0,85.0,75.0,IC_L+IC_H,True,True,False,False
0.7000000000000001,8.0,2.0,5.7142857142857135,0.0,10.0,0.0,10.0,0.0,0.0,85.0,75.0,IC_L+IC_H,True,True,False,False
0.7000000000000001,10.0,2.0,7.142857142857142,0.0,10.0,0.0,10.0,0.0,0.0,85.0,75.0,IC_L+IC_H,True,True,False,False
0.7000000000000001,12.0,2.0,8.571428571428571,0.0,10.0,0.0,10.0,0.0,0.0,85.0,75.0,IC_L+IC_H,True,True,False,False
0.7000000000000001,14.0,2.0,9.999999999999998,0.0,10.0,0.0,10.0,0.0,0.0,85.0,75.0,IC_L+IC_H,True,True,False,False
0.7000000000000001,16.0,2.0,11.428571428571427,0.0,10.0,0.0,10.0,0.0,0.0,85.0,75.0,IC_L+IC_H,True,True,False,False
0.7000000000000001,18.0,2.0,12.857142857142856,0.0,10.0,0.09876549094815346,10.0,0.0,0.0,85.0,75.0,IC_L+IC_H,True,True,False,False
0.7000000000000001,20.0,2.0,14.285714285714285,6.537839742238581e-12,10.0,0.098765490978617,9.999999999999998,1.4210854715202004e-14,0.0,85.0,75.0,IC_L+IC_H,True,True,False,False
0.8,2.0,2.0,1.25,1.0,6.666666666666667,1.0,4.0,1.0666666666666629,1.7777777777777857,86.66666666666666,84.0,None,False,False,False,False
0.8,4.0,2.0,2.5,0.0,10.0,0.7037037037037037,9.25925925925926,0.0,1.426611796982172,85.0,76.42661179698217,IC_L,True,False,False,False
0.8,6.0,2.0,3.75,0.0,10.0,0.0,10.0,0.0,0.0,85.0,75.0,IC_L+IC_H,True,True,False,False
0.8,8.0,2.0,5.0,0.0,10.0,0.0,10.0,0.0,0.0,85.0,75.0,IC_L+IC_H,True,True,False,False
0.8,10.0,2.0,6.25,0.0,10.0,0.0,10.0,0.0,0.0,85.0,75.0,IC_L+IC_H,True,True,False,False
0.8,12.0,2.0,7.5,0.0,10.0,0.0,10.0,0.0,0.0,85.0,75.0,IC_L+IC_H,True,True,False,False
0.8,14.0,2.0,8.75,0.0,10.0,0.0,10.0,0.0,0.0,85.0,75.0,IC_L+IC_H,True,True,False,False
0.8,16.0,2.0,10.0,0.0,10.0,0.0,10.0,0.0,0.0,85.0,75.0,IC_L+IC_H,True,True,False,False
0.8,18.0,2.0,11.25,0.0,10.0,0.0,10.0,0.0,0.0,85.0,75.0,IC_L+IC_H,True,True,False,False
0.8,20.0,2.0,12.5,2.0018413948812705e-11,10.0,0.09876549100142548,10.0,0.0,0.0,85.0,75.0,IC_L+IC_H,True,True,False,False
0.9,2.0,2.0,1.1111111111111112,1.0,6.666666666666667,1.0,4.0,1.0666666666666629,1.7777777777777857,86.66666666666666,84.0,None,False,False,False,False
0.9,4.0,2.0,2.2222222222222223,0.0,10.0,0.7280701754385965,8.771929824561404,0.0,2.3053247152970187,85.0,77.30532471529702,IC_L,True,False,False,False
0.9,6.0,2.0,3.333333333333333,0.0,10.0,0.0,10.0,0.0,0.0,85.0,75.0,IC_L+IC_H,True,True,False,False
0.9,8.0,2.0,4.444444444444445,0.0,10.0,0.0,10.0,0.0,0.0,85.0,75.0,IC_L+IC_H,True,True,False,False
0.9,10.0,2.0,5.555555555555555,0.0,10.0,0.0,10.0,0.0,0.0,85.0,75.0,IC_L+IC_H,True,True,False,False
0.9,12.0,2.0,6.666666666666666,0.0,10.0,0.0,10.0,0.0,0.0,85.0,75.0,IC_L+IC_H,True,True,False,False
0.9,14.0,2.0,7.777777777777778,0.0,10.0,0.09876549095807263,9.999999999999972,4.263256414560601e-14,1.4210854715202004e-14,85.0,75.00000000000001,IC_L+IC_H,True,True,False,False
0.9,16.0,2.0,8.88888888888889,0.0,10.0,0.09876549096343723,10.0,0.0,0.0,85.0,75.0,IC_L+IC_H,True,True,False,False
0.9,18.0,2.0,10.0,0.0,10.0,0.09876549094999376,10.0,0.0,0.0,85.0,75.0,IC_L+IC_H,True,True,False,False
0.9,20.0,2.0,11.11111111111111,1.3384459521166194e-11,10.0,0.09876549099016546,10.0,0.0,0.0,85.0,75.0,IC_L+IC_H,True,True,False,False
1.0,2.0,2.0,1.0,1.0,6.666666666666667,1.0,4.0,1.0666666666666629,1.7777777777777857,86.66666666666666,84.0,None,False,False,False,False
1.0,4.0,2.0,2.0,0.0,10.0,0.7500000000000001,8.333333333333332,0.0,3.0555555555555713,85.0,78.05555555555557,IC_L,True,False,False,False
1.0,6.0,2.0,3.0,0.0,10.0,0.0,10.0,0.0,0.0,85.0,75.0,IC_L+IC_H,True,True,False,False
1.0,8.0,2.0,4.0,0.0,10.0,0.0,10.0,0.0,0.0,85.0,75.0,IC_L+IC_H,True,True,False,False
1.0,10.0,2.0,5.0,0.0,10.0,0.0,10.0,0.0,0.0,85.0,75.0,IC_L+IC_H,True,True,False,False
1.0,12.0,2.0,6.0,0.0,10.0,0.0,10.0,0.0,0.0,85.0,75.0,IC_L+IC_H,True,True,False,False
1.0,14.0,2.0,7.0,0.0,10.0,0.0,10.0,0.0,0.0,85.0,75.0,IC_L+IC_H,True,True,False,False
1.0,16.0,2.0,8.0,0.0,10.0,0.0,10.0,0.0,0.0,85.0,75.0,IC_L+IC_H,True,True,False,False
1.0,18.0,2.0,9.0,0.0,10.0,0.09876549096479437,10.0,0.0,0.0,85.0,75.0,IC_L+IC_H,True,True,False,False
1.0,20.0,2.0,10.0,7.859273670527403e-12,9.999999999999996,0.09876549098077089,9.999999999999996,0.0,0.0,85.0,75.0,IC_L+IC_H,True,True,False,False
