kappa_L,kappa_H,heterogeneity,bias,lambda_A,pi_pooling,pi_screening,payoff_gap,dominance_holds,a_SE,pooling_regime,a_L_screen,a_H_screen
0.3,0.35,0.04999999999999999,0.0,2.0,86.19047619047618,86.1904761804762,-9.999979511121637e-09,True,1.0,corner,1.0,1.0
0.3,0.35,0.04999999999999999,1.0,3.0,83.75,83.84615383615385,0.09615383615384587,True,0.0,corner,0.9999999999999994,0.9999999999999971
0.3,0.35,0.04999999999999999,2.0,4.0,83.75,83.75,0.0,True,0.0,corner,0.0,0.0
0.3,0.35,0.04999999999999999,3.0,5.0,83.75,83.75,0.0,True,0.0,corner,0.0,0.0
0.3,0.35,0.04999999999999999,4.0,6.0,83.75,83.75,0.0,True,0.0,corner,0.0,0.06692312307178024
0.3,0.4,0.10000000000000003,0.0,2.0,85.83333333333333,85.83333332333333,-9.999993721976352e-09,True,1.0,corner,1.0,1.0
0.3,0.4,0.10000000000000003,1.0,3.0,82.5,82.86111110111077,0.3611111011107653,True,0.0,corner,1.0,0.963333158956813
0.3,0.4,0.10000000000000003,2.0,4.0,82.5,82.5,0.0,True,0.0,corner,0.0,0.0
0.3,0.4,0.10000000000000003,3.0,5.0,82.5,82.5,0.0,True,0.0,corner,0.0,0.0
0.3,0.4,0.10000000000000003,4.0,6.0,82.5,82.5,0.0,True,0.0,corner,0.0,0.0
0.3,0.45,0.15000000000000002,0.0,2.0,85.55555555555554,85.55555554555555,-9.999993721976352e-09,True,1.0,corner,1.0,1.0
0.3,0.45,0.15000000000000002,1.0,3.0,81.38881482222223,82.16666665666638,0.7778518344441494,True,0.6666000000000001,interior,1.0,0.940000004405263
0.3,0.45,0.15000000000000002,2.0,4.0,81.25,81.26984126615947,0.019841266159474458,True,0.0,corner,0.3681162613554713,0.6904761940463588
0.3,0.45,0.15000000000000002,3.0,5.0,81.25,81.25,0.0,True,0.0,corner,0.0,0.0
0.3,0.45,0.15000000000000002,4.0,6.0,81.25,81.25,0.0,True,0.0,corner,0.0,0.0
0.3,0.5,0.2,0.0,2.0,85.33333333333333,85.33333332333333,-9.999993721976352e-09,True,1.0,corner,1.0,1.0
0.3,0.5,0.2,1.0,3.0,80.66666666666666,81.70370369370401,1.037037027037357,True,1.0,corner,0.9999999999999992,0.9688889340620989
0.3,0.5,0.2,2.0,4.0,80.0,80.27777777777771,0.2777777777777146,True,0.0,corner,7.316888633305113e-16,0.7499999559235518
0.3,0.5,0.2,3.0,5.0,80.0,80.0,0.0,True,0.0,corner,0.0,0.0
0.3,0.5,0.2,4.0,6.0,80.0,80.0,0.0,True,0.0,corner,0.0,0.0
0.3,0.6,0.3,0.0,2.0,85.0,84.99999999,-9.999993721976352e-09,True,1.0,corner,1.0,1.0
0.3,0.6,0.3,1.0,3.0,80.0,81.11111110111122,1.11111110111122,True,1.0,corner,0.9999999999999971,0.9999999999999836
0.3,0.6,0.3,2.0,4.0,78.05555555416667,78.88888888888889,0.8333333347222123,True,0.33330000000000004,interior,0.0,0.833333333333333
0.3,0.6,0.3,3.0,5.0,77.91666666666667,77.91666666666667,0.0,True,0.0,corner,0.0,0.0
0.3,0.6,0.3,4.0,6.0,77.91666666666667,77.91666666666667,0.0,True,0.0,corner,0.0,0.0
